expect,openTime,openCode
2026123,2026-05-03 21:32:32,"39,23,49,17,42,44,46"
2026124,2026-05-04 21:32:32,"46,05,10,17,12,22,39"
2026125,2026-05-05 21:32:32,"16,19,07,30,38,39,31"
2026126,2026-05-06 21:32:32,"15,09,05,03,01,10,49"
2026127,2026-05-07 21:32:32,"14,08,27,03,07,29,45"
2026128,2026-05-08 21:32:32,"25,46,02,07,45,42,37"
2026129,2026-05-09 21:32:32,"34,07,40,21,17,25,41"
2026130,2026-05-10 21:32:32,"41,26,09,11,05,25,29"
2026131,2026-05-11 21:32:32,"12,40,21,32,01,25,07"
2026132,2026-05-12 21:32:32,"48,11,20,44,39,35,30"
2026133,2026-05-13 21:32:32,"38,14,23,01,26,44,07"
2026134,2026-05-14 21:32:32,"24,46,40,44,22,49,37"
2026135,2026-05-15 21:32:32,"08,35,09,20,18,47,30"
2026136,2026-05-16 21:32:32,"01,14,24,17,15,12,48"
2026137,2026-05-17 21:32:32,"24,20,32,05,19,07,26"
2026138,2026-05-18 21:32:32,"38,22,06,24,20,46,49"
2026139,2026-05-19 21:32:32,"41,45,48,01,36,30,24"
2026140,2026-05-20 21:32:32,"13,10,42,04,46,34,16"
2026141,2026-05-21 21:32:32,"43,08,17,02,34,32,33"
2026142,2026-05-22 21:32:32,"45,15,26,21,18,35,23"
2026143,2026-05-23 21:32:32,"13,26,18,32,02,33,44"
2026144,2026-05-24 21:32:32,"47,31,29,33,22,26,43"
2026145,2026-05-25 21:32:32,"36,43,25,32,37,18,05"
2026146,2026-05-26 21:32:32,"11,30,20,19,05,16,42"
